PartnerProductID-SuiteCRM;Naam;Beschrijving;Verkoopprijs;Valuta;Inkoopprijs;Duur onderzoek;Resource Type;Inkoopprijs Kliniek;Inkoopprijs Arts;Planning basseren op andere resource;Korting informatie;Active;Inkoopprijs overig;Omschrijving kliniek (AFB);Rapporten;Inkoopprijs Radiologie;Inkoopprijs Cardiologie;Kliniek;KliniekId-SuiteCRM;Producten;ProductId-SuiteCRM;Product key
4f1eec6d-0efe-a212-296f-5e3029d410ac;TB1 Regular Bodyscan zonder cardio;"TB1 Regular Bodyscan zonder cardio, bestaande uit:

MRI onderzoeken:
- MRI Schedel en hersenen
- MRI Hals en aanvoerende bloedvaten hersenen (carotiden)
- MRI Aortaboog (hoofdslagader lichaam)
- MRI Longen (overzichtsscan)
- MRI Boven- en onderbuik organen (m.u.v. slokdarm, maag en darmen)
- MRI Bekken organen (prostaat, baarmoeder en eierstokken) ";1340;EUR;337;30;MRI scanner;0;0;0;;1;0;"TB1
";Radiologie MRI;337;0;Evidia - Augusta Klinik;3e31d364-93f7-837f-6e7c-5e3027d93466;TB1 Regular Bodyscan zonder cardio;6f3e5090-5ee9-a142-e37c-53916b3fa7d9;1098
c3747b92-13b2-3258-25d6-5e3050c6d381;TB1 Last-Minute Bodyscan;"TB1 Last-Minute Bodyscan, bestaande uit:

MRI onderzoeken:
- MRI Schedel en hersenen
- MRI Hals en aanvoerende bloedvaten hersenen (carotiden)
- MRI Aortaboog (hoofdslagader lichaam)
- MRI Longen (overzichtsscan)
- MRI Boven- en onderbuik organen (m.u.v. slokdarm, maag en darmen)
- MRI Bekken organen (prostaat, baarmoeder en eierstokken)
- MRI Onderrug/Lendenwervels (overzichtsscan)";1250;EUR;337;30;MRI scanner;0;0;0;;1;0;TB1;Radiologie MRI;337;0;Evidia - Augusta Klinik;3e31d364-93f7-837f-6e7c-5e3027d93466;TB1 Last-Minute Bodyscan;c221296c-8c35-f0f7-dd8a-4ea1939e79d2;1093
87a60b15-7c95-8843-863b-5e3052e04150;TB2 Last-Minute Bodyscan + Angiografie;"TB2 Last-Minute Bodyscan + Angiografie, bestaande uit:

MRI onderzoeken:
- MRI Schedel en hersenen
- MRI Hals en aanvoerende bloedvaten hersenen (carotiden)
- MRI Aortaboog (hoofdslagader lichaam)
- MRI Longen (overzichtsscan)
- MRI Boven- en onderbuik organen (m.u.v. slokdarm, maag en darmen)
- MRI Bekken organen (prostaat, baarmoeder en eierstokken)
- MRI Onderrug/Lendenwervels (overzichtsscan)
- MRI Gehele bloedvatenstelsel";1990;EUR;506;45;MRI scanner;0;0;0;;0;0;TB2 ;Radiologie MRI;506;0;Evidia - Augusta Klinik;3e31d364-93f7-837f-6e7c-5e3027d93466;TB2 Last-Minute Bodyscan + Angiografie;c773c3e1-41aa-5921-db6e-4ea193cc8578;1156
44cc3619-0b72-fc84-6d75-5e3053109192;TB2 Regular Bodyscan + Angiografie zonder cardio;"TB2 Regular Bodyscan + Angiografie zonder cardio, bestaande uit:

MRI onderzoeken:
- MRI Schedel en hersenen
- MRI Hals en aanvoerende bloedvaten hersenen (carotiden)
- MRI Aortaboog (hoofdslagader lichaam)
- MRI Longen (overzichtsscan)
- MRI Boven- en onderbuik organen (m.u.v. slokdarm, maag en darmen)
- MRI Bekken organen (prostaat, baarmoeder en eierstokken)
- MRI scan van het gehele slagaderstelsel, inclusief contrastmiddel";2090;EUR;506;45;MRI scanner;0;0;0;;1;0;TB2 ;Radiologie MRI;506;0;Evidia - Augusta Klinik;3e31d364-93f7-837f-6e7c-5e3027d93466;TB2 Regular Bodyscan + Angiografie zonder cardio;9bf8c68f-4a49-9c7f-cd11-53918b7e4804;1099
5d5c6da5-b69d-1049-ba51-5e30567e601a;TB3 Regular Bodyscan + Wervelkolom zonder cardio;"TB3 Regular Bodyscan + Wervelkolom zonder cardio, bestaande uit:

MRI onderzoeken:
- MRI Schedel en hersenen
- MRI Hals en aanvoerende bloedvaten hersenen (carotiden)
- MRI Aortaboog (hoofdslagader lichaam)
- MRI Longen (overzichtsscan)
- MRI Boven- en onderbuik organen (m.u.v. slokdarm, maag en darmen)
- MRI Bekken organen (prostaat, baarmoeder en eierstokken)
- MRI Gehele wervelkolom gedetailleerd";1790;EUR;506;45;MRI scanner;0;0;0;;1;0;TB3 ;Radiologie MRI;506;0;Evidia - Augusta Klinik;3e31d364-93f7-837f-6e7c-5e3027d93466;TB3 Regular Bodyscan + Wervelkolom zonder cardio;b4d6e401-07fb-a847-5f71-53919c1f9b7e;1100
b0fd0218-0755-876a-d45a-5e3058479398;TB4 Regular Bodyscan + Angiografie + Wervelkolom zonder cardio;"TB4 Regular Bodyscan + Angiografie + Wervelkolom zonder cardio, bestaande uit:

MRI onderzoeken:
- MRI Schedel en hersenen
- MRI Hals en aanvoerende bloedvaten hersenen (carotiden)
- MRI Aortaboog (hoofdslagader lichaam)
- MRI Longen (overzichtsscan)
- MRI Boven- en onderbuik organen (m.u.v. slokdarm, maag en darmen)
- MRI Bekken organen (prostaat, baarmoeder en eierstokken)
- MRI Gehele wervelkolom gedetailleerd
- MRI Gehele bloedvatenstelsel";2940;EUR;618;60;MRI scanner;0;0;0;;1;0;TB4 ;Radiologie MRI;618;0;Evidia - Augusta Klinik;3e31d364-93f7-837f-6e7c-5e3027d93466;TB4 Regular Bodyscan + Angiografie + Wervelkolom zonder cardio;6731f814-ef92-7893-edf6-5391a6beaa99;1101
6370ad50-ca77-ee81-5def-5e305808c414;MRI Abdomen en buikaorta inclusief CM;MRI scan van de abdomen en buikaorta, inclusief contrastmiddel;850;EUR;350;30;MRI scanner;0;0;0;;1;0;MRT Abdomen und Aorta mit KM;Radiologie MRI;350;0;Evidia - Augusta Klinik;3e31d364-93f7-837f-6e7c-5e3027d93466;MRI Abdomen en buikaorta inclusief CM;d74b0a58-4312-204e-9565-4ea2771bdcec;1157
823f46b8-a744-cceb-e1e3-5e305983ce50;MRI Abdomen inclusief CM;MRI scan van de onder- en bovenbuik (abdomen), inclusief contrastmiddel;950;EUR;225;30;MRI scanner;0;0;0;;1;0;MRT oben und unterbauch zusammen mit KM;Radiologie MRI;225;0;Evidia - Augusta Klinik;3e31d364-93f7-837f-6e7c-5e3027d93466;MRI Abdomen inclusief CM;6d680ddb-3056-4af1-d62e-4ea2770d9f16;1078
adc06170-38b5-aff1-8794-5e305908d412;MRI Bekken, inclusief contrastmiddel;MRI scan van het bekken, inclusief contrastmiddel;650;EUR;224;30;MRI scanner;0;0;0;;1;0;MRT Becken mit KM;Radiologie MRI;224;0;Evidia - Augusta Klinik;3e31d364-93f7-837f-6e7c-5e3027d93466;MRI Bekken inclusief contrastmiddel;2737f022-ecc3-2cda-8389-59db818f78ac;1011
a1a4bff2-144c-16f6-cade-5e305af6e381;MRI Borstwervelkolom (BWS) exclusief CM;MRI scan van de borstwervelkolom;550;EUR;169;30;MRI scanner;0;0;0;;1;0;MRT BWS ohne KM;Radiologie MRI;169;0;Evidia - Augusta Klinik;3e31d364-93f7-837f-6e7c-5e3027d93466;MRI Borstwervelkolom (BWS) exclusief CM;3e52a4f0-0f44-9712-924e-4ea295f90103;1063
620aa6c5-3314-52ce-29a5-5e305a46d125;MRI Borstwervelkolom (BWS) inclusief CM;MRI scan van de borstwervelkolom, inclusief contrastmiddel;650;EUR;225;30;MRI scanner;0;0;0;;1;0;MRT BWS mit KM;Radiologie MRI;225;0;Evidia - Augusta Klinik;3e31d364-93f7-837f-6e7c-5e3027d93466;MRI Borstwervelkolom (BWS) inclusief CM;3ffebf26-f379-d081-bbf6-4ea295e94c19;1064
adeaf137-0f23-8406-7f2d-5e305bce6e3b;MRI Bovenbuik inclusief CM;MRI scan van de bovenbuik, inclusief contrastmiddel;650;EUR;224;30;MRI scanner;0;0;0;;1;0;MRT Oberbauch mit KM;Radiologie MRI;224;0;Evidia - Augusta Klinik;3e31d364-93f7-837f-6e7c-5e3027d93466;MRI Bovenbuik inclusief CM;302006b3-0e7a-5ee5-263e-4ea27719fade;1080
24e0af9f-fb5b-a707-b469-5e305b6ccded;MRI Carotiden inclusief CM;MRI scan van de hersenaanvoerende bloedvaten, inclusief contrastmiddel;550;EUR;220;30;MRI scanner;0;0;0;;1;0;MRT Carotiden mit KM;Radiologie MRI;220;0;Evidia - Augusta Klinik;3e31d364-93f7-837f-6e7c-5e3027d93466;MRI Carotiden inclusief CM;3ac668ed-c531-6250-925c-4ea27756e7ac;1010
f02d08d9-d832-a880-fed9-5e305ca43a63;MRI Enkel exclusief CM;MRI scan van de enkel;550;EUR;169;30;MRI scanner;0;0;0;;1;0;MRT Fussgelenk ohne KM;Radiologie MRI;169;0;Evidia - Augusta Klinik;3e31d364-93f7-837f-6e7c-5e3027d93466;MRI Enkel exclusief CM;20adc70e-a88c-79b4-92be-4ea277b11280;1029
4dd08be0-3eba-8cfc-4593-5e305e0c6fdf;MRI Enkel inclusief CM;MRI scan van de enkel, inclusief contrastmiddel;650;EUR;225;30;MRI scanner;0;0;0;;1;0;MRT Fussgelenk mit KM;Radiologie MRI;225;0;Evidia - Augusta Klinik;3e31d364-93f7-837f-6e7c-5e3027d93466;MRI Enkel inclusief CM;21c43df7-7da6-3fe5-85f3-4ea277c9ecac;1030
24c1bad4-fcb0-19da-3c7e-5e305eedd99d;MRI Gehele wervelkolom exclusief CM;MRI scan van de gehele wervelkolom;950;EUR;197;30;MRI scanner;0;0;0;;1;0;MRT Ganze WirbelsĂ¤ule (LWS+BWS+HWS) ohne KM;Radiologie MRI;197;0;Evidia - Augusta Klinik;3e31d364-93f7-837f-6e7c-5e3027d93466;MRI Gehele wervelkolom exclusief CM;46cd6b66-a630-85d4-8e4c-4ea2954ba872;1059
e8993080-b40a-e23e-3803-5e305f890034;MRI Gehele wervelkolom inclusief CM;MRI scan van de gehele wervelkolom, inclusief contrastmiddel;1050;EUR;281;30;MRI scanner;0;0;0;;1;0;MRT Ganze WirbelsĂ¤ule (LWS+BWS+HWS) mit KM;Radiologie MRI;281;0;Evidia - Augusta Klinik;3e31d364-93f7-837f-6e7c-5e3027d93466;MRI Gehele wervelkolom inclusief CM;487ff4f0-45c0-3c2b-aa0f-4ea295a64d8c;1060
4b970e1a-e9b9-1c6d-6e36-5e305fc62416;MRI hals weke delen inclusief CM ;MRI scan van de weke delen van de hals, inclusief contrastmiddel ;650;EUR;225;30;MRI scanner;0;0;0;;1;0;MRT Hals Weichteile mit KM ;Radiologie MRI;225;0;Evidia - Augusta Klinik;3e31d364-93f7-837f-6e7c-5e3027d93466;MRI Hals weke delen;ef1b7c6f-93c9-2869-29fa-505c5107c16b;1004
af494efb-aeb5-d349-1057-5e305f342f61;MRI Halswervel- en borstwervelkolom (HWS-BWS) exclusief CM;MRI scan van de halswervel- en borstwervelkolom;550;EUR;165;30;MRI scanner;0;0;0;;0;0;MRT HWS und BWS ohne KM;Radiologie MRI;165;0;Evidia - Augusta Klinik;3e31d364-93f7-837f-6e7c-5e3027d93466;MRI Halswervel- en borstwervelkolom (HWS-BWS) excl;4a3445bc-1a01-ced6-6fb6-4ea295237b19;1164
24931991-f220-e3a2-f161-5e306049a680;MRI Halswervelkolom (HWS) exclusief CM;MRI scan van de halswervelkolom;550;EUR;169;30;MRI scanner;0;0;0;;1;0;MRT HWS ohne KM;Radiologie MRI;169;0;Evidia - Augusta Klinik;3e31d364-93f7-837f-6e7c-5e3027d93466;MRI Halswervelkolom (HWS) exclusief CM;4da43483-1df9-4193-09d7-4ea2956ab15c;1061
82b248a8-c7bb-d21c-a21a-5e3060ef2c27;MRI Halswervelkolom (HWS) inclusief CM;MRI scan van de halswervelkolom, inclusief contrastmiddel;650;EUR;225;30;MRI scanner;0;0;0;;1;0;MRT HWS mit KM;Radiologie MRI;225;0;Evidia - Augusta Klinik;3e31d364-93f7-837f-6e7c-5e3027d93466;MRI Halswervelkolom (HWS) inclusief CM;4f4eabd4-b0ca-deee-150d-4ea2951c7320;1062
25c2a01f-bfdc-b265-0b96-5e30608ef076;MRI Hand exclusief CM;MRI scan van de hand;550;EUR;169;30;MRI scanner;0;0;0;;1;0;MRT Handgelenk ohne KM;;169;0;Evidia - Augusta Klinik;3e31d364-93f7-837f-6e7c-5e3027d93466;MRI Hand exclusief CM;2db5afbb-0450-e960-6535-4ea2779120e1;1023
d3745068-e2a1-dd1e-f899-5e30611521d1;MRI Hand inclusief CM;MRI scan van de hand, inclusief contrastmiddel;650;EUR;225;30;MRI scanner;0;0;0;;1;0;"MRT Handgelenk mit KM
";;225;0;Evidia - Augusta Klinik;3e31d364-93f7-837f-6e7c-5e3027d93466;MRI Hand inclusief CM;2ecd3f71-3880-ec7a-4048-4ea27723f37c;1024
583a0d06-2ecc-0594-209e-5e3061881f5a;MRI Heup exclusief CM;MRI scan van de heup;550;EUR;169;30;MRI scanner;0;0;0;;1;0;MRT HĂĽfte ohne KM;Radiologie MRI;169;0;Evidia - Augusta Klinik;3e31d364-93f7-837f-6e7c-5e3027d93466;MRI Heup exclusief CM;17ffebfa-df15-a268-df55-4ea2771813dc;1025
ac0a2586-103b-2c5b-7925-5e306169fd2a;MRI Heup inclusief CM;MRI scan van de heup, inclusief contrastmiddel;650;EUR;225;30;MRI scanner;0;0;0;;1;0;MRT HĂĽfte mit KM;Radiologie MRI;225;0;Evidia - Augusta Klinik;3e31d364-93f7-837f-6e7c-5e3027d93466;MRI Heup inclusief CM;191572eb-b09e-aa57-9d70-4ea2771a9516;1026
e6f7e5fd-e12b-ea87-1fb8-5e306293e92d;MRI hypofyse  inclusief CM;MRI scan van de hypofyse, inclusief contrastmiddel;650;EUR;255;30;MRI scanner;0;0;0;;1;0;MRT Hypophyse mit KM;Radiologie MRI;255;0;Evidia - Augusta Klinik;3e31d364-93f7-837f-6e7c-5e3027d93466;MRI Hypofyse  inclusief CM;9ebb1395-e20d-855d-c122-5ad49319a464;1002
60fe2c03-2652-89c1-8a2c-5e306215b48b;MRI Knie exclusief CM;MRI scan van de knie;550;EUR;169;30;MRI scanner;0;0;0;;1;0;MRT Knie ohne KM;Radiologie MRI;169;0;Evidia - Augusta Klinik;3e31d364-93f7-837f-6e7c-5e3027d93466;MRI Knie exclusief CM;1c5366da-79a5-1e14-fe3c-4ea2774ddbb4;1027
e8d32478-ff20-20bb-79b5-5e306277fb68;MRI Knie inclusief CM;MRI scan van de knie, inclusief contrastmiddel;650;EUR;225;30;MRI scanner;0;0;0;;1;0;MRT Knie mit KM;Radiologie MRI;225;0;Evidia - Augusta Klinik;3e31d364-93f7-837f-6e7c-5e3027d93466;MRI Knie inclusief CM;1d681658-9826-567b-300a-4ea27725c247;1028
a5f94127-bfb7-8df6-2720-5e3062087b5d;MRI Lendenwervelkolom (LWS) exclusief CM;MRI scan van de lendenwervelkolom;550;EUR;169;30;MRI scanner;0;0;0;;1;0;MRT LWS ohne KM;Radiologie MRI;169;0;Evidia - Augusta Klinik;3e31d364-93f7-837f-6e7c-5e3027d93466;MRI Lendenwervelkolom (LWS) exclusief CM;546ba84d-7cee-c526-4937-4ea295716733;1065
e267abd6-0daa-0b3b-81aa-5e306396ee50;MRI Lendenwervelkolom (LWS) inclusief CM;MRI scan van de lendenwervelkolom, inclusief contrastmiddel;650;EUR;225;30;MRI scanner;0;0;0;;1;0;MRT LWS mit KM;Radiologie MRI;225;0;Evidia - Augusta Klinik;3e31d364-93f7-837f-6e7c-5e3027d93466;MRI Lendenwervelkolom (LWS) inclusief CM;5619cd4f-9df2-7818-4ada-4ea295933674;1066
b27db7a2-8be2-773e-3945-5e306399e941;MRI Lichaamangiografie inclusief CM;MRI scan van het gehele slagaderstelsel, inclusief contrastmiddel;650;EUR;225;30;MRI scanner;0;0;0;;1;0;MRT Angiographie (GK);Radiologie MRI;225;0;Evidia - Augusta Klinik;3e31d364-93f7-837f-6e7c-5e3027d93466;MRI Lichaamangiografie inclusief CM;e55a576a-a0ee-a1ff-e772-4ea277755438;1012
d3f13cca-469e-415f-0cd0-5e3063c2bd41;MRI Mammografie inclusief CM;MRI scan mammografie (borstonderzoek), inclusief contrastmiddel;850;EUR;337;30;MRI scanner;0;0;0;;1;0;MRT Mammographie mit KM;;337;0;Evidia - Augusta Klinik;3e31d364-93f7-837f-6e7c-5e3027d93466;MRI Mammografie inclusief CM;211db7c2-d0fc-6abf-08a3-4ea29e80bb4e;1091
b52ba82a-70d2-6f6e-0bf3-5e3064ff485b;MRI Onderbuik inclusief CM;MRI scan van de onderbuik, inclusief contrastmiddel;650;EUR;225;30;MRI scanner;0;0;0;;1;0;MRT Unterbauch mit KM;Radiologie MRI;225;0;Evidia - Augusta Klinik;3e31d364-93f7-837f-6e7c-5e3027d93466;MRI Onderbuik inclusief CM;edad1545-26d8-a714-5597-4ea2772f63e6;1082
a286d318-c44f-6869-ac4a-5e30659d6fbd;MRI Pols exclusief CM;MRI scan van de pols;550;EUR;169;30;MRI scanner;0;0;0;;1;0;MRT Handgelenk ohne KM;Radiologie MRI;169;0;Evidia - Augusta Klinik;3e31d364-93f7-837f-6e7c-5e3027d93466;MRI Pols exclusief CM;2507d1b3-e7e1-945b-54fd-4ea2773015ec;1021
565c44eb-aab7-ca26-8a57-5e306568f8a4;MRI Pols inclusief CM;MRI scan van de pols, inclusief contrastmiddel;650;EUR;225;30;MRI scanner;0;0;0;;1;0;MRT Handgelenk mit KM;Radiologie MRI;225;0;Evidia - Augusta Klinik;3e31d364-93f7-837f-6e7c-5e3027d93466;MRI Pols inclusief CM;261d3410-d035-4538-2f81-4ea277d3f7c3;1022
208dd0b8-59a7-3a32-a4b5-5e306597c45c;MRI Prostaat gedetailleerd inclusief CM;Gedetailleerde MRI scan van de prostaat, inclusief contrastmiddel;950;EUR;337;30;MRI scanner;0;0;0;;1;0;MRT Prostata mit KM;;337;0;Evidia - Augusta Klinik;3e31d364-93f7-837f-6e7c-5e3027d93466;MRI Prostaat gedetailleerd inclusief CM;24700fcd-7010-59c7-a760-4ea29eb513b0;1092
2dbe9296-6355-6528-bfde-5e30659260f9;MRI Schedel en Carotiden inclusief CM;MRI scan van de schedel en hersenaanvoerende bloedvaten, inclusief contrastmiddel;750;EUR;169;30;MRI scanner;0;0;0;;1;0;MRT SchĂ¤del und Carotiden mit KM;Radiologie MRI;169;0;Evidia - Augusta Klinik;3e31d364-93f7-837f-6e7c-5e3027d93466;MRI Schedel en Carotiden inclusief CM;edfe192d-8036-76e4-e1ef-4e08777fe84b;1003
6ecd8017-3b9b-47ad-f16e-5e3066d0468d;MRI Schedel exclusief CM;MRI scan van de schedel;550;EUR;169;30;MRI scanner;0;0;0;;1;0;MRT SchĂ¤del ohne KM;Radiologie MRI;169;0;Evidia - Augusta Klinik;3e31d364-93f7-837f-6e7c-5e3027d93466;MRI Schedel exclusief CM;366d26c1-b907-365b-ee67-4ea277189d91;1000
84f3f716-0dce-4ec1-97cc-5e3066ce3707;MRI Schedel inclusief CM;MRI scan van de schedel, inclusief contrastmiddel;750;EUR;225;30;MRI scanner;0;0;0;;1;0;MRT SchĂ¤del mit KM;Radiologie MRI;225;0;Evidia - Augusta Klinik;3e31d364-93f7-837f-6e7c-5e3027d93466;MRI Schedel inclusief CM;3783f447-e034-f298-920a-4ea2775e698c;1001
811ef9d1-1a63-c125-59b8-5e30663ddd53;MRI Schouder exclusief CM;MRI scan van de schouder;550;EUR;169;30;MRI scanner;0;0;0;;1;0;MRT Schulter ohne KM;Radiologie MRI;169;0;Evidia - Augusta Klinik;3e31d364-93f7-837f-6e7c-5e3027d93466;MRI Schouder exclusief CM;13a9f043-a4a0-5c7a-53c4-4ea277a83d22;1017
d47bb869-bc37-ec33-bf84-5e30668c53d2;MRI Schouder inclusief CM;MRI scan van de schouder, inclusief contrastmiddel;650;EUR;225;30;MRI scanner;0;0;0;;1;0;MRT Schulter mit KM;Radiologie MRI;225;0;Evidia - Augusta Klinik;3e31d364-93f7-837f-6e7c-5e3027d93466;MRI Schouder inclusief CM;14bf7192-ad29-9505-a71c-4ea277c1defb;1018
22ce3652-e00a-1717-3146-5e30675c225b;MRI Voet exclusief CM;MRI scan van de voet;550;EUR;169;30;MRI scanner;0;0;0;;1;0;MRT Fuss ohne KM;Radiologie MRI;169;0;Evidia - Augusta Klinik;3e31d364-93f7-837f-6e7c-5e3027d93466;MRI Voet exclusief CM;3214150f-9077-ca97-0035-4ea277a23d47;1031
64dfcc71-91dd-1769-efef-5e30673bff84;MRI Voet inclusief CM;MRI scan van de voet, inclusief contrastmiddel;650;EUR;225;30;MRI scanner;0;0;0;;1;0;MRT Fuss mit KM;Radiologie MRI;225;0;Evidia - Augusta Klinik;3e31d364-93f7-837f-6e7c-5e3027d93466;MRI Voet inclusief CM;332c3e8f-1e83-31fb-3ea7-4ea277351301;1032
2bbeb9c7-7b7d-b0f5-0333-5e30698d85e3;CT Abdomen inclusief CM;CT scan van de onder- en bovenbuik (abdomen), inclusief contrastmiddel;750;EUR;220;15;CT scanner;0;0;0;;1;0;CT Abdomen mit KM;;220;0;Evidia - Augusta Klinik;3e31d364-93f7-837f-6e7c-5e3027d93466;CT Abdomen inclusief CM;a2340894-a156-81d8-09bf-4ea2771aca73;1085
87e8319d-bdaa-60e1-b1db-5e30699f24cf;CT Gehele wervelkolom exclusief CM;CT scan van de gehele wervelkolom;650;EUR;165;30;CT scanner;0;0;0;;1;0;CT WirbelsĂ¤ule ohne KM;;165;0;Evidia - Augusta Klinik;3e31d364-93f7-837f-6e7c-5e3027d93466;CT Gehele wervelkolom exclusief CM;326076c1-b8e3-8e70-16cf-4ea295c25b8f;1069
15f7a061-97f2-cee8-269d-5e306a85ce72;CT Halswervelkolom (HWS) exclusief CM;CT scan van de halswervelkolom;450;EUR;110;15;CT scanner;0;0;0;;1;0;CT HWS ohne KM;Radiologie CT;110;0;Evidia - Augusta Klinik;3e31d364-93f7-837f-6e7c-5e3027d93466;CT Halswervelkolom (HWS) exclusief CM;35c8e138-7ba6-1607-54cd-4ea2955c8dfa;1071
3e090470-ffd2-3634-2441-5e306bcef6fd;CT Hart en longen (Thorax) exclusief CM;CT scan van het hart en de longen (thorax);650;EUR;169;15;CT scanner;0;0;0;;0;0;CT Thorax ( Herz/Lungen) ohne KM;Radiologie CT;169;0;Evidia - Augusta Klinik;3e31d364-93f7-837f-6e7c-5e3027d93466;CT Hart en longen (Thorax) exclusief CM;4d4306d3-d33b-910d-3222-4ea277e84802;1165
71b29593-f8c4-9ec7-7a84-5e306bbf5394;CT Hart exclusief CM (CTC);CT scan van het hart (coronaire calciumscore);450;EUR;112;15;CT scanner;0;0;0;;1;0;CTC (Koronare Kalziumscore);Radiologie CT;112;0;Evidia - Augusta Klinik;3e31d364-93f7-837f-6e7c-5e3027d93466;CT Hart exclusief CM (CTC);47d15023-dede-8dcf-c39c-4ea277c21a84;1057
c4f65f82-8bd0-7c80-aadf-5e306bfc5428;CT Hart inclusief CM (CTA);CT scan van het hart, inclusief contrastmiddel;650;EUR;281;15;CT scanner;0;0;0;;1;0;CT Herz Angiographie mit KM;Radiologie CT;281;0;Evidia - Augusta Klinik;3e31d364-93f7-837f-6e7c-5e3027d93466;CT Hart inclusief CM (CTA);48e959d3-95a6-3e20-3389-4ea277552e0f;1058
aca303e1-d34e-8333-cbb1-5e306bcf7f13;CT Longen exclusief CM;CT scan van de longen;450;EUR;112;15;CT scanner;0;0;0;;1;0;CT Thorax ohne KM;Radiologie CT;112;0;Evidia - Augusta Klinik;3e31d364-93f7-837f-6e7c-5e3027d93466;CT Longen exclusief CM;41503ab5-90ef-c4ef-56b8-4ea2777fb864;1051
c92a1634-3fad-c50b-be89-5e306cea5b25;CT Longen inclusief CM;CT scan van de longen, inclusief contrastmiddel;650;EUR;224;15;CT scanner;0;0;0;;1;0;CT Lungen mit KM;Radiologie CT;224;0;Evidia - Augusta Klinik;3e31d364-93f7-837f-6e7c-5e3027d93466;CT Longen inclusief CM;4265dd56-d28e-3007-ecae-4ea277282710;1052
dd2f4008-71fe-493f-fa20-5e306c9e68b4;CT Neus;CT Neus;550;EUR;112;15;CT scanner;0;0;0;;1;0;CT Mittelgesicht;Radiologie CT;112;0;Evidia - Augusta Klinik;3e31d364-93f7-837f-6e7c-5e3027d93466;CT Neustussenschot;5492c4c2-3c3c-f7bf-fa73-51878a6f1611;1007
c00d6854-531d-975c-b6eb-5e306c85d9d3;CT Thorax / longen inclusief CM;CT scan thorax / longen, inclusief contrastmiddel;550;EUR;250;15;CT scanner;0;0;0;;0;0;CT Thorax/Lungen mit KM;Radiologie CT;250;0;Evidia - Augusta Klinik;3e31d364-93f7-837f-6e7c-5e3027d93466;CT Hart en longen (Thorax) inclusief CM;4e5ac626-22c5-6435-7d3c-4ea277369714;1166
8349fac2-f1b3-87a9-1560-5e306c6611c4;CTA Longen inclusief contrastmiddel;CTA scan van de longen inclusief contrastmiddel;950;EUR;250;15;CT scanner;0;0;0;;1;0;CTA der LungenfĂ¤Ăźe mit KM;Radiologie CT;250;0;Evidia - Augusta Klinik;3e31d364-93f7-837f-6e7c-5e3027d93466;CTA Longen;5a458102-23bb-6663-ca56-57c43d45cd1d;1053
d384c882-7bed-c468-3a5c-5e5cd6ceceb1;Aan te passen product (eenmalig);Deze tekst aanpassen;0;EUR;0;0;Other;0;0;0;;1;0;;;0;0;Evidia - Augusta Klinik;3e31d364-93f7-837f-6e7c-5e3027d93466;Aan te passen product (eenmalig);752310eb-6b55-5343-7d67-568e77be1829;1128
654bdbd9-ab07-a604-d951-5e7cb90cea1e;CT Angiografie Abdomen inclusief CM;CT Angiografie Abdomen inclusief CM;650;EUR;220;15;CT scanner;0;0;0;;1;0;CT Angiographie Abdomen mit KM;;220;0;Evidia - Augusta Klinik;3e31d364-93f7-837f-6e7c-5e3027d93466;CT Angiografie Abdomen inclusief CM;77cb82b2-c593-1728-4d27-5e7cb8728004;1013
619ce4c0-f82d-6166-4a35-5e8f41bffa27;CT gestuurde PRT wervelkolom;CT gestuurde cortisonen injecties (PRT) voor de wervelkolom;550;EUR;247,5;30;Artsen;0;0;0;;1;0;PRT Behandlung;Radiologie CT;247,5;0;Evidia - Augusta Klinik;3e31d364-93f7-837f-6e7c-5e3027d93466;1x PRT-injectie;e4bf7ce9-afc9-02cb-876e-4e71fed2f5b2;1151
2d4e4117-251d-aab8-4670-5e94415dd690;MRI Hart inclusief CM;MRI scan van het hart, inclusief contrastmiddel;1450;EUR;640;45;MRI scanner;0;0;0;;1;0;MRT Herz mit KM;Radiologie MRI;640;0;Evidia - Augusta Klinik;3e31d364-93f7-837f-6e7c-5e3027d93466;MRI Hart inclusief CM;45a5b53b-c7ac-55de-3bd1-4ea2770f41e3;1055
9e1f0852-b693-100c-921c-5ebe68214ce3;Rontgenfoto;Rontgenfoto;200;EUR;30;15;Other;0;0;0;;1;0;Rontgenfoto;;30;0;Evidia - Augusta Klinik;3e31d364-93f7-837f-6e7c-5e3027d93466;Rontgenfoto;4e5adc12-a0ed-1023-ca14-5190d9c6212f;1113
caf111e7-1973-807c-96f6-5ecb8439e9d9;MRI Coloscopie inclusief CM;MRI scan van de darmen (hydro MRI);1250;EUR;550;60;MRI scanner;0;0;0;;1;0;MRT Hydro Kolonskopie mit KM;Radiologie MRI;550;0;Evidia - Augusta Klinik;3e31d364-93f7-837f-6e7c-5e3027d93466;MRI Hydro Coloscopie inclusief CM;2616fab4-1ece-3367-48de-4ea29e23ce7c;1167
c17ee0f4-d8bf-5a65-8697-5ecd2550ca02;TB1 Royal Bodyscan;"TB1 Royal Bodyscan, bestaande uit:

MRI onderzoeken:
- MRI Schedel en hersenen
- MRI Hals en aanvoerende bloedvaten hersenen (carotiden)
- MRI Aortaboog (hoofdslagader lichaam)
- MRI Longen (overzichtsscan)
- MRI Boven- en onderbuik organen (m.u.v. slokdarm, maag en darmen)
- MRI Bekken organen (prostaat, baarmoeder en eierstokken) ";1840;EUR;337;30;MRI scanner;0;0;0;;1;0;TB1;Radiologie MRI;337;0;Evidia - Augusta Klinik;3e31d364-93f7-837f-6e7c-5e3027d93466;TB1 Royal Bodyscan;a6bd9a5b-7e96-0c0a-cf47-4d9b2fd82e35;1094
e91e42a4-2ae8-37ef-4342-5ecd26cfd63c;TB2 Royal Bodyscan + Angiografie;"TB2 Royal Bodyscan + Angiografie, bestaande uit:

MRI onderzoeken:
- MRI Schedel en hersenen
- MRI Hals en aanvoerende bloedvaten hersenen (carotiden)
- MRI Aortaboog (hoofdslagader lichaam)
- MRI Longen (overzichtsscan)
- MRI Boven- en onderbuik organen (m.u.v. slokdarm, maag en darmen)
- MRI Bekken organen (prostaat, baarmoeder en eierstokken)
- MRI scan van het gehele slagaderstelsel, inclusief contrastmiddel";2590;EUR;506;45;MRI scanner;0;0;0;;1;0;TB2 ;Radiologie MRI;506;0;Evidia - Augusta Klinik;3e31d364-93f7-837f-6e7c-5e3027d93466;TB2 Royal Bodyscan + Angiografie;c4b236dd-4f60-7b56-5c58-4ea193c52cfb;1095
ea85eeab-d6aa-4791-1a9e-5ecd288b08df;TB3 Royal Bodyscan + Wervelkolom;"TB3 Royal Bodyscan + Wervelkolom, bestaande uit:

MRI onderzoeken:
- MRI Schedel en hersenen
- MRI Hals en aanvoerende bloedvaten hersenen (carotiden)
- MRI Aortaboog (hoofdslagader lichaam)
- MRI Longen (overzichtsscan)
- MRI Boven- en onderbuik organen (m.u.v. slokdarm, maag en darmen)
- MRI Bekken organen (prostaat, baarmoeder en eierstokken)
- MRI Gehele wervelkolom gedetailleerd";2690;EUR;506;45;MRI scanner;0;0;0;;1;0;TB3 ;Radiologie MRI;506;0;Evidia - Augusta Klinik;3e31d364-93f7-837f-6e7c-5e3027d93466;TB3 Royal Bodyscan + Wervelkolom;c8c933cf-d668-0bfa-1f0f-4ea19335e933;1096
2990156b-7ef3-ca83-c781-5ecd2847cfa8;TB4 Royal Bodyscan + Angiografie + Wervelkolom;"TB4 Royal Bodyscan + Angiografie + Wervelkolom, bestaande uit:

MRI onderzoeken:
- MRI Schedel en hersenen
- MRI Hals en aanvoerende bloedvaten hersenen (carotiden)
- MRI Aortaboog (hoofdslagader lichaam)
- MRI Longen (overzichtsscan)
- MRI Boven- en onderbuik organen (m.u.v. slokdarm, maag en darmen)
- MRI Bekken organen (prostaat, baarmoeder en eierstokken)
- MRI Gehele wervelkolom gedetailleerd
- MRI Gehele bloedvatenstelsel";3440;EUR;618;60;MRI scanner;0;0;0;;1;0;TB4 ;Radiologie MRI;618;0;Evidia - Augusta Klinik;3e31d364-93f7-837f-6e7c-5e3027d93466;TB4 Royal Bodyscan + Angiografie + Wervelkolom;ccd71d05-e025-4bd2-04d9-4ea19365eeaa;1097
66a78938-f2ce-6524-9f18-5ed61e05fc78;MRI hele lichaam exclusief CM;MRI van het hele lichaam, exclusief contrastmiddel;1900;EUR;550;45;MRI scanner;0;0;0;;1;0;GanzkĂ¶rper MRT TB1 + MRT SchĂ¤del und MRT unt. ExtremitĂ¤ten ;Radiologie MRI;550;0;Evidia - Augusta Klinik;3e31d364-93f7-837f-6e7c-5e3027d93466;MRI hele lichaam exclusief CM;2c600d13-1b58-818d-fb83-5ed61d17114f;1168
d69542d8-5e46-2c3a-d21a-5ef093a9aa11;MRI MRCP sequenties;MRI MRCP sequenties (galwegen);550;EUR;200;15;MRI scanner;0;0;0;;1;0;MRT MRCP;Radiologie MRI;200;0;Evidia - Augusta Klinik;3e31d364-93f7-837f-6e7c-5e3027d93466;MRI MRCP sequenties;df9a1cf8-8493-6aab-ac89-55c8969e941b;1079
a7d52f0c-7d7d-db83-34c1-5f071c23e24d;CT Heup exclusief CM;CT scan van de heup;450;EUR;110;15;CT scanner;0;0;0;;1;0;CT HĂĽfte ohne KM;Radiologie CT;110;0;Evidia - Augusta Klinik;3e31d364-93f7-837f-6e7c-5e3027d93466;CT Heup exclusief CM;1a288cb9-e64b-13ee-d845-4ea2776102f0;1040
28b08932-bad1-bb3c-7fb4-5f086f9e44a4;TB5 Regular Bodyscan zonder cardio;"TB5 Regular Bodyscan zonder cardio, bestaande uit:

MRI onderzoeken:
- MRI Schedel en hersenen
- MRI Hals en aanvoerende bloedvaten hersenen (carotiden)
- MRI Aortaboog (hoofdslagader lichaam)
- MRI Longen (overzichtsscan)
- MRI Boven- en onderbuik organen (m.u.v. slokdarm, maag en darmen)
- MRI Bekken organen (prostaat, baarmoeder en eierstokken)
- MRI Onderrug/Lendenwervels (overzichtsscan)
CT scan van het hart (coronaire calciumscore)
Functionele MRI scan van het hart";1950;EUR;730;60;MRI scanner;0;0;0;;0;0;TB5 ;Radiologie MRI;730;0;Evidia - Augusta Klinik;3e31d364-93f7-837f-6e7c-5e3027d93466;TB5 Regular Bodyscan zonder cardio;5c7fa729-7b56-ee4a-416e-5f086e483126;1169
60db9d2b-35c1-02e7-9ab0-5f0c36e34f5e;MRI bloedvaten bekken en been inclusief CM;MRI scan van de bloedvaten van bekken en benen, inclusief contrastmiddel;850;EUR;337;30;MRI scanner;0;0;0;;1;0;Becken- und Beinangiographie mit KM;Radiologie MRI;337;0;Evidia - Augusta Klinik;3e31d364-93f7-837f-6e7c-5e3027d93466;MRI Bekken en bloedvaten been inclusief CM;e8a6b57b-0aca-2f8e-34e1-4ea277e8a713;1011
98ccf4a6-45ce-8cb2-07b7-5f3a4f490bc2;MRI Onderbuik exclusief CM;MRI scan van de onderbuik;650;EUR;224;30;MRI scanner;0;0;0;;1;0;MRT Unterbauch ohne KM;Radiologie MRI;224;0;Evidia - Augusta Klinik;3e31d364-93f7-837f-6e7c-5e3027d93466;MRI Onderbuik exclusief CM;ec05d8ec-0893-2ca0-fc57-4ea277e16280;1083
66fdaca4-f334-b894-23bb-5f4cb1ed7c39;CT Lendenwervelkolom (LWS) exclusief CM;CT scan van de lendenwervelkolom;450;EUR;110;15;CT scanner;0;0;0;;1;0;CT LWS ohne KM;Radiologie CT;110;0;Evidia - Augusta Klinik;3e31d364-93f7-837f-6e7c-5e3027d93466;CT Lendenwervelkolom (LWS) exclusief CM;39e1fb38-6d86-3e61-3ec7-4ea2956dcd99;1075
dc19ece4-ac8f-e0a1-3b88-5f6c9d096aa8;MRI Thorax inclusief CM;MRI van de Thorax inclusief contrastmiddel;950;EUR;275;30;MRI scanner;0;0;0;;0;0;MRT Thorax mit KM;Radiologie MRI;275;0;Evidia - Augusta Klinik;3e31d364-93f7-837f-6e7c-5e3027d93466;MRI Thorax inclusief CM;40ab71a8-48c2-2530-45b2-5f6c9c322b52;1170
92de1ef6-531e-bf4e-bb5a-5f8435b9e716;CT hals weke delen inclusief CM ;CT scan van de weke delen van de hals, inclusief contrastmiddel ;550;EUR;110;15;CT scanner;0;0;0;;1;0;CT Hals Weichteile mit KM ;Radiologie CT;110;0;Evidia - Augusta Klinik;3e31d364-93f7-837f-6e7c-5e3027d93466;CT van de Hals weke delen;9e850a8f-331c-c98c-fc36-5f8434ae344d;1009
230234ca-1351-6e67-2c2e-5f9c3a84925d;CT Lendenwervelkolom (LWS) inclusief CM;CT scan van de lendenwervelkolom, inclusief contrastmiddel;650;EUR;220;15;CT scanner;0;0;0;;1;0;"CT LWS mit KM
";;220;0;Evidia - Augusta Klinik;3e31d364-93f7-837f-6e7c-5e3027d93466;CT Lendenwervelkolom (LWS) inclusief CM;3b8e611e-df23-7d0e-ea16-4ea2956d9ec4;1076
300ddaee-45f1-ce63-9f69-5fd7527c4ed1;CT Voet exclusief CM;CT scan van de voet;550;EUR;110;15;CT scanner;0;0;0;;1;0;"CT Fuss ohne KM
";;110;0;Evidia - Augusta Klinik;3e31d364-93f7-837f-6e7c-5e3027d93466;CT Voet exclusief CM;34408988-2831-75b9-29ff-4ea2779279b8;1034
51ab6474-9a81-f169-dd0c-6038dce37102;MRI Arm inclusief CM;MRI scan van de arm;650;EUR;250;30;MRI scanner;0;0;0;;1;0;MRT Arm mit KM;Radiologie MRI;250;0;Evidia - Augusta Klinik;3e31d364-93f7-837f-6e7c-5e3027d93466;MRI Arm inclusief CM;3daab55a-9d63-12df-dc3a-6038db86ca2f;1171
81c55933-14f0-3b1b-db8a-6156dde2433b;MRI Achillespees exclusief CM;MRI scan van de achillespees, exclusief contrastmiddel;650;EUR;165;30;MRI scanner;0;0;0;;1;0;MRT Achillessehne ohne KM;Radiologie MRI;165;0;Evidia - Augusta Klinik;3e31d364-93f7-837f-6e7c-5e3027d93466;MRI Achillespees exclusief CM;44796f83-7b74-7dc2-49d2-6156dd759a8d;1172
1bd50fe7-5043-ce96-aa81-6169479fba35;MRI Borstbeen inclusief CM;MRI scan van het borstbeen, inclusief contrastmiddel;650;EUR;220;30;MRI scanner;0;0;0;;1;0;MRT Brustbein mit KM;Radiologie MRI;220;0;Evidia - Augusta Klinik;3e31d364-93f7-837f-6e7c-5e3027d93466;MRI Borstbeen inclusief CM;19bf27bf-e95a-dae8-8a11-616947e6aace;1173
8e4e5992-e942-b973-71d0-61f7b6656dc3;CT Schedel exclusief CM;CT scan van de schedel;550;EUR;110;15;CT scanner;0;0;0;;1;0;CT SchĂ¤del ohne KM;Radiologie CT;110;0;Evidia - Augusta Klinik;3e31d364-93f7-837f-6e7c-5e3027d93466;CT Schedel exclusief CM;389a6274-1f6a-9ade-44fc-4ea277e82518;1005
f6a70371-4af0-6189-8183-61f80b00f36c;MRI Kuitbeen;MRI scan van het kuitbeen;550;EUR;169;30;MRI scanner;0;0;0;;1;0;MRT Fibula;Radiologie MRI;169;0;Evidia - Augusta Klinik;3e31d364-93f7-837f-6e7c-5e3027d93466;MRI Kuitbeen;e8f0641e-0773-d5a1-1b2a-61f80b52b668;1174
ad1c41e7-a2df-2467-7d27-6257e07f96c3;MRI Elleboog exclusief CM;MRI scan van de elleboog;550;EUR;169;30;MRI scanner;0;0;0;;1;0;MRT Ellenbogen ohne KM;Radiologie MRI;169;0;Evidia - Augusta Klinik;3e31d364-93f7-837f-6e7c-5e3027d93466;MRI Elleboog exclusief CM;295dd806-3acc-28fa-99e0-4ea277c00189;1019
a0017a68-c39b-007b-dbc1-627d1f739cf3;CT Bovenbuik inclusief CM;CT scan van de bovenbuik, inclusief contrastmiddel;750;EUR;220;15;CT scanner;0;0;0;;1;0;CT Oberbauch mit KM;Radiologie CT;220;0;Evidia - Augusta Klinik;3e31d364-93f7-837f-6e7c-5e3027d93466;CT Bovenbuik inclusief CM;37fb0c95-4fe2-8847-0d5f-4ea27700ae13;1088
d044eae9-a358-6259-2daa-627e094025bc;CT Bovenbuik exclusief CM;CT scan van de bovenbuik;550;EUR;110;15;CT scanner;0;0;0;;1;0;CT Oberbauch ohne KM;Radiologie CT;110;0;Evidia - Augusta Klinik;3e31d364-93f7-837f-6e7c-5e3027d93466;CT Bovenbuik exclusief CM;1d670a2d-b20d-6fd6-f83e-4ea277b03f0d;1087
8a44b844-3419-77f6-e44f-62d024245f4e;MRI Halswervel- en borstwervelkolom (HWS-BWS) inclusief CM;MRI scan van de halswervel- en borstwervelkolom;650;EUR;220;30;MRI scanner;0;0;0;;1;0;MRT HWS und BWS mit KM;Radiologie MRI;220;0;Evidia - Augusta Klinik;3e31d364-93f7-837f-6e7c-5e3027d93466;MRI Halswervel- en borstwervelkolom (HWS-BWS) incl;4bf2c194-122b-132c-e3a2-4ea2951e290f;1175
227a1ec6-aef5-6bda-d483-64997453d339;MRI Bovenbeen exclusief CM;MRI scan van het bovenbeen, exclusief contrastmiddel;550;EUR;165;30;MRI scanner;0;0;0;;1;0;MRT Oberschenkel ohne KM;Radiologie MRI;165;0;Evidia - Augusta Klinik;3e31d364-93f7-837f-6e7c-5e3027d93466;MRI Bovenbeen exclusief CM;44e67918-103a-a7c1-9fad-505c4ec0d601;1176
c25283be-c4e2-d2ba-71be-64ba742a7a6b;MRI Bovenbuik exclusief CM;MRI scan van de bovenbuik;650;EUR;224;30;MRI scanner;0;0;0;;1;0;MRT Oberbauch ohne KM;Radiologie MRI;224;0;Evidia - Augusta Klinik;3e31d364-93f7-837f-6e7c-5e3027d93466;MRI Bovenbuik exclusief CM;f2a985fc-5cb6-8684-222f-4ea277e22f01;1081
10b9a737-1ef9-b68e-990d-65c49f474139;Stress MRI Hart inclusief CM;MRI scan van het hart tijdens kunstmatig opgewekte inspanning;1450;EUR;697;60;MRI scanner;0;0;0;;1;0;Stress MRT Herz;Radiologie MRI;697;0;Evidia - Augusta Klinik;3e31d364-93f7-837f-6e7c-5e3027d93466;Stress MRI Hart inclusief CM;46bdf56f-170d-0e99-f432-4ea27763733a;1056
2fc31bc0-e0a6-6094-0de3-65d31ec17392;MRI SI gewricht exclusief CM;MRI SI gewricht exclusief CM;550;EUR;169;30;MRI scanner;0;0;0;;1;0;MRT SI Gelenk ohne KM;Radiologie MRI;169;0;Evidia - Augusta Klinik;3e31d364-93f7-837f-6e7c-5e3027d93466;MRI SI Gewricht exclusief CM;4a80d3b4-1570-3bb3-0707-65d31ec7d68d;1068
e23bcbae-cbaf-47e4-dc20-66c324ffbfa1;MRI Abdomen exclusief CM;MRI scan van de onder- en bovenbuik (abdomen), exclusief contrastmiddel;850;EUR;224;30;MRI scanner;0;0;0;;1;0;MRT oben und unterbauch zusammen ohne KM;Radiologie MRI;224;0;Evidia - Augusta Klinik;3e31d364-93f7-837f-6e7c-5e3027d93466;MRI Abdomen exclusief CM;24f20b40-e761-351a-61f8-66c32398eab3;1077
900b0f0e-ac5d-4457-ba05-6708e026455f;CT bloedvaten bekken en been inclusief CM;CT scan van de bloedvaten van bekken en benen, inclusief contrastmiddel;750;EUR;275;30;MRI scanner;0;0;0;;1;0;CT Becken- und Beinangiographie mit KM;Radiologie CT;275;0;Evidia - Augusta Klinik;3e31d364-93f7-837f-6e7c-5e3027d93466;CT Bekken en bloedvaten been inclusief CM;31c9f5e4-55a9-9085-6e57-6708e03037ca;1014
eddc9783-d5a2-09a1-6264-671a050fd6fd;MRI Bekken, exclusief contrastmiddel;MRI scan van het bekken, exclusief contrastmiddel;650;EUR;224;30;MRI scanner;0;0;0;;1;0;MRT Becken ohne KM;Radiologie MRI;224;0;Evidia - Augusta Klinik;3e31d364-93f7-837f-6e7c-5e3027d93466;MRI Bekken exclusief contrastmiddel;1113e7f7-db3f-9f9e-a6fd-671a0507f615;1033
a9ee9ae6-07c2-c1f4-4937-67bc89675b67;CT Enkel exclusief CM;CT scan van de enkel;550;EUR;110;15;CT scanner;0;0;0;;1;0;"CT Fussgelenk ohne KM
";;110;0;Evidia - Augusta Klinik;3e31d364-93f7-837f-6e7c-5e3027d93466;CT Enkel exclusief CM;22dc1eae-be7e-197c-bed8-4ea277486bed;1044
1b5e9816-0a58-f527-bd17-68cbe4a0122f;MRI Bovenarm exclusief CM;MRI scan van de bovenarm, exclusief contrastmiddel;550;EUR;169;30;MRI scanner;0;0;0;;1;0;MRT Oberarm ohne KM;Radiologie MRI;169;0;Evidia - Augusta Klinik;3e31d364-93f7-837f-6e7c-5e3027d93466;MRI Bovenarm exclusief CM;2f082b49-9ce3-6980-6df2-68cbe4c0f8da;1177
aafce6da-49e2-83cf-cc6f-68cd2b86fb13;MRI Onderbeen exclusief CM;MRI scan van het onderbeen, exclusief contrastmiddel;550;EUR;169;30;MRI scanner;0;0;0;;1;0;MRT Unterschenkel ohne KM;Radiologie MRI;169;0;Evidia - Augusta Klinik;3e31d364-93f7-837f-6e7c-5e3027d93466;MRI Onderbeen exclusief CM;73657b6f-212c-327f-a488-68cd2b19c663;1178
38c68ff0-d04f-757b-fc62-68d533696df4;CT Hand exclusief CM;CT scan van de hand;450;EUR;112;15;CT scanner;0;0;0;;1;0;CT Hand ohne KM;Radiologie CT;112;0;Evidia - Augusta Klinik;3e31d364-93f7-837f-6e7c-5e3027d93466;CT Hand exclusief CM;2fe136c7-9933-a306-3f98-4ea277e11704;1048
a3cfb73f-756c-86ec-3197-69036a6afef6;MRI SI gewricht inclusief CM;MRI SI gewricht inclusief CM;650;EUR;224;30;MRI scanner;0;0;0;;1;0;MRT SI Gelenk mit KM;Radiologie MRI;224;0;Evidia - Augusta Klinik;3e31d364-93f7-837f-6e7c-5e3027d93466;MRI SI Gewricht inclusief CM;e20a0cfe-3f73-ca1d-32b3-6903690d6a3a;1067
3a28f60d-8f2d-f7a6-840a-5ef9e8c8e0b7;Lyme Elisa/Westernblot bepaling;Lyme bepaling bestaande uit Elisa/Westernblot testen;80;Eur;30;0;Other;0;0;0;;1;0;Blut Lyme Elisa/Westernblot;Laboratoriumuitslag;0;30;Ambulante Kardiologie Augusta;ae8ea8a1-95c4-d665-4373-5ecfc67d6096;Lyme Elisa/Westernblot bepaling;1f79417e-8e69-fa9f-aa20-4ea29ede371d;1128
5fba713c-8368-b6a2-0977-60b897cf6cb8;Longfunctietest;Longfunctietest;95;Eur;35;5;Cardiologie;0;0;0;;1;0;Lungenfunktionsuntersuchung (Spirometrie);Cardiologie;0;35;Ambulante Kardiologie Augusta;ae8ea8a1-95c4-d665-4373-5ecfc67d6096;Longfunctietest;437ad031-c9d7-596c-bfb0-4ea277b8da08;1108
647da0a4-c805-b05a-3ec7-629491c91d79;ECG Rust;Elektrocardiogram (ECG) tijdens rust;60;Eur;21;5;Cardiologie;0;0;0;;1;0;EKG Ruhe;Cardiologie;0;21;Ambulante Kardiologie Augusta;ae8ea8a1-95c4-d665-4373-5ecfc67d6096;ECG Rust;49fedda6-9b3b-f30d-1c3f-4ea2774696ee;1104
6ef388bf-bcb1-a39b-6a50-5ecfc9acfb14;Cardiologieprogramma;"Uitgebreid cardiologieprogramma bestaande uit:
- ECG in rust
- ECG tijdens inspanning
- Echocardiogram van het hart
- Longfunctietest";0;Eur;310,31;60;Cardiologie;0;0;0;;1;0;"Kardio Programm: EKG Ruhe/Belastung + Ultraschall Herz und Lufo
";Cardiologie;0;310,31;Ambulante Kardiologie Augusta;ae8ea8a1-95c4-d665-4373-5ecfc67d6096;Cardiologieprogramma;c8f2bc7a-a71c-3336-2211-4f152d9b1e42;1107
720a1085-db1a-d0d0-ded0-61cdd7e1e602;Echo Halsslagaderen;Echo onderzoek van de halsslagaderen (carotiden);350;Eur;150;15;Cardiologie;0;0;0;;1;0;Ultraschall Halsgefäse;;0;150;Ambulante Kardiologie Augusta;ae8ea8a1-95c4-d665-4373-5ecfc67d6096;Echo Halsslagaderen;3cf5b2ca-66ac-4900-3b52-4ea2777aefe8;1112
93310769-c21b-99a3-e666-5ecfc7ba3724;Bloed- en urineonderzoek preventief uitgebreid dames;Uitgebreid laboratoriumonderzoek (bloed en urine);0;Eur;38;0;Cardiologie;0;0;0;;1;0;Grosses Blut bild, inkl. Urin;Laboratoriumuitslag;0;38;Ambulante Kardiologie Augusta;ae8ea8a1-95c4-d665-4373-5ecfc67d6096;Bloed- en urineonderzoek preventief uitgebreid dam;d8b91c2e-a048-b7f1-fbb3-4ea29edf6911;1102
9bf63f96-5522-85ae-2222-5ef9e8abed43;Lyme Borrelia bepaling;Lyme bepaling bestaande uit Borrelia testen;80;Eur;30;0;Other;0;0;0;;1;0;Blut Lyme Borrelia;Laboratoriumuitslag;0;30;Ambulante Kardiologie Augusta;ae8ea8a1-95c4-d665-4373-5ecfc67d6096;Lyme Borrelia bepaling;1dd573bb-1192-ca99-65a7-4ea29ec55d59;1128
d9694a87-0f52-f9d0-f0a6-5ecfc7637af2;Bloed- en urineonderzoek preventief uitgebreid heren;Uitgebreid laboratoriumonderzoek (bloed en urine) met PSA bepaling;0;Eur;38;0;Cardiologie;0;0;0;;1;0;Grosses Blut bild, inkl. Urin + PSA;Laboratoriumuitslag;0;38;Ambulante Kardiologie Augusta;ae8ea8a1-95c4-d665-4373-5ecfc67d6096;Bloed- en urineonderzoek preventief uitgebreid her;da6d4455-3129-334b-efeb-4ea29ea5ecd6;1103
dabf6d6c-cfcc-4fb4-20d2-653bcfdd3dc8;ECG Inspanning;Elektrocardiogram (ECG) tijdens inspanning;150;Eur;50;15;Cardiologie;0;0;0;;1;0;EKG Belastung;Cardiologie;0;50;Ambulante Kardiologie Augusta;ae8ea8a1-95c4-d665-4373-5ecfc67d6096;ECG Inspanning;4b17cefc-3d54-fbf3-133f-4ea2771446c2;1105
e57904ca-f7d4-27bb-765c-624eff7a4d0b;Echo van de benen;Echo onderzoek van de beenvaten;450;Eur;120;15;Other;0;0;0;;1;0;Ultraschall Venen in Beinen;;0;120;Ambulante Kardiologie Augusta;ae8ea8a1-95c4-d665-4373-5ecfc67d6096;Echo onderzoek van de beenvaten;6f2a208f-6f38-7258-1909-624effc761f9;1128
ed0c3220-be8c-11b4-cbcd-6527e6df248a;Echocardiografie Hart;Echocardiografie van het hart;350;Eur;154,46;30;Cardiologie;0;0;0;;1;0;Ultraschall Herz;Cardiologie;0;154,46;Ambulante Kardiologie Augusta;ae8ea8a1-95c4-d665-4373-5ecfc67d6096;Echocardiografie Hart;4c2c8495-b968-9df7-d0cc-4ea277066cb0;1106
f32442c4-0454-fabc-bade-6319a10eef10;Aan te passen product (eenmalig);Deze tekst aanpassen;0;Eur;0;0;Other;0;0;0;;1;0;;;0;0;Ambulante Kardiologie Augusta;ae8ea8a1-95c4-d665-4373-5ecfc67d6096;Aan te passen product (eenmalig);752310eb-6b55-5343-7d67-568e77be1829;1128
43f7d89e-73fe-6ccf-a22f-679b49b747af;CT gestuurde PRT wervelkolom;CT gestuurde cortisonen injecties (PRT) voor de wervelkolom;270;EUR;90;30;Artsen;0;0;0;;1;0;PRT Behandlung;Radiologie CT;90;0;GRADUS - Orthopadie & Unfallchirurgie Dusseldorf;f90e0ef6-e600-b56c-b9af-679b4021bc10;1x PRT-injectie;e4bf7ce9-afc9-02cb-876e-4e71fed2f5b2;1151
8bbc54fb-4d56-9d3d-9333-67a61f838d82;Facetdenervatie - 3 niveaus;Facetdenervatie - 3 niveaus;890;EUR;500;20;Artsen;0;0;0;;1;0;;Radiologie CT;200;0;GRADUS - Orthopadie & Unfallchirurgie Dusseldorf;f90e0ef6-e600-b56c-b9af-679b4021bc10;Facetdenervatie 3 niveaus;ca96370a-0de2-5997-cb4b-67a620d7c362;1155
cc5004ba-6d9b-644d-4579-67fd20c356e7;CT gestuurde facetinfiltratie;CT gestuurde facetinfiltratie;270;EUR;90;20;Artsen;0;0;0;;1;0;;Radiologie CT;90;0;GRADUS - Orthopadie & Unfallchirurgie Dusseldorf;f90e0ef6-e600-b56c-b9af-679b4021bc10;Facetinfiltratie 1 niveau;ddc99a95-3c5b-6f7b-29b2-67fd20577f43;1147
eedbb02f-683c-2ce0-fa93-5eac2c88940c;PTED - beoordeling;Beoordeling van MRI / CT beelden;100;EUR;0;2;Other;0;0;0;;1;0;;;0;0;Procelsio Clinic GMBH;619c39c5-c437-6e2c-17c2-5eabedb46fe4;Beoordeling Neurochirurg;47649481-49ba-e0e4-3414-5eac2ae81917;1134
28ccdce8-cbc3-fa80-b319-5eac2c12c71d;PTED - operatie 1 niveau;PTED operatie 1 niveau;7900;EUR;4100;4;Artsen;4100;0;0;;1;0;;;0;0;Procelsio Clinic GMBH;619c39c5-c437-6e2c-17c2-5eabedb46fe4;PTED - operatie 1 niveau;c7ea8535-d501-f178-c04a-5f3d17ef27df;1136
521d13b6-21ba-4b09-3cb6-5eac2d8b93c6;PTED - operatie 2 niveaus;PTED operatie 2 niveau's;13900;EUR;5000;5;Artsen;5000;0;0;;1;0;;;0;0;Procelsio Clinic GMBH;619c39c5-c437-6e2c-17c2-5eabedb46fe4;PTED - operatie 2 niveaus;75dbab4a-ba6b-59ac-22ae-5eac28cea411;1137
43a4fd93-0986-2bab-43cc-5eac2e3d2b97;PTED - medische overnachting;Overnachting in kliniek met medische begeleiding;350;EUR;350;45;Other;350;0;0;;1;0;;;0;0;Procelsio Clinic GMBH;619c39c5-c437-6e2c-17c2-5eabedb46fe4;Kliniek overnachting;a718aa3a-6bc3-4842-fe71-5eac29360f6f;1127
1aac9e90-5e43-ad58-1a02-5eac2e3c629b;PTED - partner overnachting;Overnachting in kliniek voor partner / 2e persoon;100;EUR;100;45;Other;100;0;0;;1;0;;;0;0;Procelsio Clinic GMBH;619c39c5-c437-6e2c-17c2-5eabedb46fe4;PTED - partner overnachting;8b458444-7437-5c4b-c2c7-5eac2af98585;1127
9e7bcfc3-39e2-b7ed-2beb-5eb018f90775;PTED - Intake;PTED intake Procelsio;0;EUR;0;2;Other;0;0;0;;1;0;;;0;0;Procelsio Clinic GMBH;619c39c5-c437-6e2c-17c2-5eabedb46fe4;Arts consultatie;366a0f37-f09a-ac19-994f-5eb01780eb48;1135
7aed1079-68c4-ab5a-f0f3-5ecb985b8c0e;Beoordeling MRI Lendenwervelkolom;Beoordeling MRI Lendenwervelkolom;350;EUR;0;30;Other;0;0;0;;1;0;Beurteilung Bilder MRT LWS ;;0;0;Procelsio Clinic GMBH;619c39c5-c437-6e2c-17c2-5eabedb46fe4;Second Opinion;41fd197d-4e61-65ff-9027-4e6a14611ec7;1135
4bc31d22-39df-ac7e-7f1f-5ed63ef551c5;Microscopische revisie OP;Microscopische revisie OP lage rug (LWS);8000;EUR;5500;4;Artsen;3000;2500;0;;1;0;Microscopische revisie OP LWS;;0;0;Procelsio Clinic GMBH;619c39c5-c437-6e2c-17c2-5eabedb46fe4;Microscopische operatie 1 niveau;3e955ac5-4232-2848-18e6-5ed63ee9cc20;1138
da555095-d03b-b27c-f252-5ed64160dd0d;Kliniek overnachting;Overnachting in kliniek, per kamer;150;EUR;150;45;Other;150;0;0;;1;0;;;0;0;Procelsio Clinic GMBH;619c39c5-c437-6e2c-17c2-5eabedb46fe4;Kliniek overnachting;c5bdcb94-181f-d0d4-dca9-5ed6403134d6;1127
cde4c244-7d8c-25a4-733b-63a5b633cf2a;Microscopische decompressie 1 niveau ;Microscopische decompressie 1 niveau ;13500;EUR;4000;4;Artsen;4000;0;0;;1;0;Microscopische decompressie;;0;0;Procelsio Clinic GMBH;619c39c5-c437-6e2c-17c2-5eabedb46fe4;Microscopische operatie 1 niveau;24b7b88f-0ed5-97f7-2a89-634044d4be7f;1138
a93f9cca-8a19-fee4-a13c-66053c42afd5;CT gestuurde PRT wervelkolom;CT gestuurde cortisonen injecties (PRT) voor de wervelkolom;450;EUR;100;30;Artsen;0;0;0;;1;0;PRT Behandlung;Radiologie CT;100;0;Procelsio Clinic GMBH;619c39c5-c437-6e2c-17c2-5eabedb46fe4;1x PRT-injectie;e4bf7ce9-afc9-02cb-876e-4e71fed2f5b2;1151
3017ba10-c0f5-f687-215c-660e9332245f;Microscopische operatie 1 niveau;Microscopische operatie 1 niveau;8900;EUR;4100;4;Artsen;4100;0;0;;1;0;;;0;0;Procelsio Clinic GMBH;619c39c5-c437-6e2c-17c2-5eabedb46fe4;Microscopische operatie 1 niveau;4481b99a-0cb5-63dd-35c5-660e93c0f76f;1138
17c5087d-9a8a-6cf3-12ca-660e949d707b;Microscopische operatie 2 niveau's;Microscopische operatie 2 niveau's;13900;EUR;5000;4;Artsen;5000;0;0;;1;0;;;0;0;Procelsio Clinic GMBH;619c39c5-c437-6e2c-17c2-5eabedb46fe4;Microscopische operatie 2 niveaus;4481b99a-0cb5-63dd-35c5-660e93c0f76f;1139
a756991d-65e8-76f4-0064-660e94bd7b2f;Microscopische operatie 3 niveau's;Microscopische operatie 3 niveau's;16900;EUR;7500;4;Artsen;7500;0;0;;1;0;;;0;0;Procelsio Clinic GMBH;619c39c5-c437-6e2c-17c2-5eabedb46fe4;Microscopische operatie 3 niveaus;4481b99a-0cb5-63dd-35c5-660e93c0f76f;1140
21afac51-aed3-9a5b-0582-660e94631acf;TLIF operatie 1 niveau;TLIF operatie 1 niveau;18900;EUR;9400;4;Artsen;9400;0;0;;1;0;;;0;0;Procelsio Clinic GMBH;619c39c5-c437-6e2c-17c2-5eabedb46fe4;TLIF 1 niveau;1918cb6e-ef01-3b43-1544-660e94822484;1142
58ba6316-8656-22e6-6710-660e940eaf1b;TLIF operatie 2 niveau's;TLIF operatie 2 niveau's;18500;EUR;10800;4;Artsen;10800;0;0;;1;0;;;0;0;Procelsio Clinic GMBH;619c39c5-c437-6e2c-17c2-5eabedb46fe4;TLIF 2 niveaus;1918cb6e-ef01-3b43-1544-660e94822484;1143
70b9620d-0097-8625-4222-67aefa0f136a;Nacontrole Dr. Jost Thissen;Nacontrole Dr. Jost Thissen;0;EUR;0;30;Other;0;0;0;;1;0;;;0;0;Procelsio Clinic GMBH;619c39c5-c437-6e2c-17c2-5eabedb46fe4;Nacontrole Dr. Jost Thissen;3f047e76-b559-1106-2189-67aefa8b60fe;1135
6e1847ce-5ffb-f248-f462-68b17ede12a7;ACDF (Anterior Cervical Discectomy and Fusion) operatie;ACDF (Anterior Cervical Discectomy and Fusion) operatie;13900;EUR;5900;4;Artsen;5900;0;0;;1;0;;;0;0;Procelsio Clinic GMBH;619c39c5-c437-6e2c-17c2-5eabedb46fe4;ACDF 1 niveau;3404d225-b2a8-3c8f-875d-68b17d7d89ec;1145
938d26db-cc06-9446-68b6-5a0040145a6f;PSMA PET Scan;PSMA PET scan van het bovenlichaam, inclusief contrastmiddel;4800;EUR;2500;60;PET CT scanner;0;0;0;;1;0;PSMA PET;Radiologie PET;2500;0;Radiologie Herne - EvK Eickel;4b7dd6e9-2824-b1fe-d515-5e9839813d42;PSMA PET Scan;87d6f275-d5d0-4840-548b-5a0040f85879;1110
cc576f6c-a170-749e-4a94-6666b17ce2c1;Aan te passen product (eenmalig);Deze tekst aanpassen;0;EUR;0;0;Other;0;0;0;;1;0;;;0;0;Radiologie Herne - EvK Eickel;4b7dd6e9-2824-b1fe-d515-5e9839813d42;Aan te passen product (eenmalig);752310eb-6b55-5343-7d67-568e77be1829;1128
d3d7c6b8-316a-a631-4620-4ea2a2181428;PET CT metastasen onderzoek;PET CT scan van het gehele lichaam, inclusief contrastmiddel;3400;EUR;1700;60;PET CT scanner;0;0;0;;1;0;PET-CT;Radiologie PET;1700;0;Radiologie Herne - EvK Eickel;4b7dd6e9-2824-b1fe-d515-5e9839813d42;PET CT metastasen onderzoek;295494a6-18f7-d886-f5aa-4ea29eeb6e29;1109
a99fb27e-e4d1-560e-8aac-4e6a1ef6a39b;Vertaalde samenvatting TB0;Samenvattende Nederlandse vertaling van de rapportage;40;EUR;20;;Other;0;0;0;;0;20;;;0;0;Intertran;847b31c2-60fd-12f8-3302-4e6a176653bd;Vertaalde samenvatting TBx;2ceb4c15-0cc7-ed0f-e50b-4e6a14deeab9;1163
b10ab0d1-c8fb-fc00-df2d-4e6a1ed87643;Vertaalde samenvatting TB1;Samenvattende Nederlandse vertaling van de rapportage;95;EUR;30;;Other;0;0;0;;0;30;;;0;0;Intertran;847b31c2-60fd-12f8-3302-4e6a176653bd;Vertaalde samenvatting TBx;2f60451e-2528-7403-157a-4e6a140741a9;1163
b3005323-4035-d312-7ae7-4e6a1e055788;Vertaalde samenvatting TB2;Samenvattende Nederlandse vertaling van de rapportage;95;EUR;35;;Other;0;0;0;;0;35;;;0;0;Intertran;847b31c2-60fd-12f8-3302-4e6a176653bd;Vertaalde samenvatting TBx;3084a935-8759-c6c6-f204-4e6a14f7a8e3;1163
b4f3fc33-fcb3-55c0-f191-4e6a1e412a21;Vertaalde samenvatting TB3;Samenvattende Nederlandse vertaling van de rapportage;95;EUR;40;;Other;0;0;0;;0;40;;;0;0;Intertran;847b31c2-60fd-12f8-3302-4e6a176653bd;Vertaalde samenvatting TBx;31a73ef0-0f59-8119-d05e-4e6a145d2599;1163
b6e83beb-273f-19cb-11d3-4e6a1e413622;Vertaalde samenvatting TB4;Samenvattende Nederlandse vertaling van de rapportage;105;EUR;45;;Other;0;0;0;;0;45;;;0;0;Intertran;847b31c2-60fd-12f8-3302-4e6a176653bd;Vertaalde samenvatting TBx;32cf228e-d4f9-0bfb-4762-4e6a144561f6;1163
b8dc523a-9b4f-3913-2542-4e6a1e79807a;Vertaalde samenvatting aanvullende scan bij TB;Samenvattende Nederlandse vertaling van de rapportage;20;EUR;5;;Other;0;0;0;;0;5;;;0;0;Intertran;847b31c2-60fd-12f8-3302-4e6a176653bd;Vertaalde samenvatting aanvullende scan bij TB;33f6b1a5-b34d-9d97-f1c0-4e6a149eae3b;1158
bad00e1f-95b0-1d49-b60c-4e6a1ec4c665;Volledige vertaling TB0;Nederlandse vertaling van de rapportage;80;EUR;40;;Other;0;0;0;;0;40;;;0;0;Intertran;847b31c2-60fd-12f8-3302-4e6a176653bd;Volledige vertaling TB0;35220937-5f22-8031-28a2-4e6a14d3c557;1162
bcc357b2-7ed0-a965-d137-4e6a1eccce21;Volledige vertaling TB1;Nederlandse vertaling van de rapportage;205;EUR;110;;Other;0;0;0;;1;110;;;0;0;Intertran;847b31c2-60fd-12f8-3302-4e6a176653bd;Volledige vertaling TB1;364de582-339c-5050-fde2-4e6a1400fbb7;1120
becc520b-2a18-acdb-647a-4e6a1e9214db;Volledige vertaling TB2;Nederlandse vertaling van de rapportage;205;EUR;110;;Other;0;0;0;;1;110;;;0;0;Intertran;847b31c2-60fd-12f8-3302-4e6a176653bd;Volledige vertaling TB2;3776367c-e36e-a71b-0d95-4e6a149472b2;1121
c0ca25bd-6e87-5aa0-6af3-4e6a1e84211c;Volledige vertaling TB3;Nederlandse vertaling van de rapportage;205;EUR;110;;Other;0;0;0;;1;110;;;0;0;Intertran;847b31c2-60fd-12f8-3302-4e6a176653bd;Volledige vertaling TB3;38a23a07-c787-4924-180f-4e6a145a8195;1122
c2c43360-6bfc-9e4c-be5f-4e6a1e093de1;Volledige vertaling TB4;Nederlandse vertaling van de rapportage;225;EUR;125;;Other;0;0;0;;1;125;;;0;0;Intertran;847b31c2-60fd-12f8-3302-4e6a176653bd;Volledige vertaling TB4;39cd02c9-8729-8f70-de6b-4e6a1465e5c7;1123
c4c2b430-8947-1822-ea84-4e6a1e341734;Volledige vertaling aanvullende scan bij TB;Nederlandse vertaling van de rapportage;30;EUR;10;;Other;0;0;0;;1;10;;;0;0;Intertran;847b31c2-60fd-12f8-3302-4e6a176653bd;Volledige vertaling aanvullende scan bij TB;3afa8dab-dfcd-07ba-3661-4e6a14dce878;1125
c6b6ea6d-1110-7475-aa0c-4e6a1e2445e7;Volledige vertaling Gastroscopie;Nederlandse vertaling van de rapportage;45;EUR;22,5;;Other;0;0;0;;0;22,5;;;0;0;Intertran;847b31c2-60fd-12f8-3302-4e6a176653bd;Volledige vertaling Gastroscopie;3c24641e-a99b-ac6e-35d4-4e6a14b1cb69;1159
c8a91d75-5783-678c-8c1a-4e6a1ef23a1b;Volledige vertaling Coloscopie;Nederlandse vertaling van de rapportage;45;EUR;22,5;;Other;0;0;0;;0;22,5;;;0;0;Intertran;847b31c2-60fd-12f8-3302-4e6a176653bd;Volledige vertaling Coloscopie;3d51310b-1674-fc20-d6ad-4e6a1445602f;1160
cafbebcd-bb40-c2e5-01cc-4e6a1e9d51ce;Volledige vertaling Gastroscopie en Coloscopie;Nederlandse vertaling van de rapportage;90;EUR;40;;Other;0;0;0;;0;40;;;0;0;Intertran;847b31c2-60fd-12f8-3302-4e6a176653bd;Volledige vertaling Gastroscopie en Coloscopie;3e7bbec2-d73a-3c77-c1ac-4e6a140f8e81;1161
cd599fb1-3f85-fe9c-bc31-4e6a1ef4327f;Volledige vertaling gerichte scan groot;Nederlandse vertaling van de rapportage;110;EUR;60;;Other;0;0;0;;1;60;;;0;0;Intertran;847b31c2-60fd-12f8-3302-4e6a176653bd;Volledige vertaling gerichte scan groot;3fa72507-ba1a-28f2-2bad-4e6a144d4291;1114
cfb947f6-cc38-783f-d567-4e6a1ea82808;Volledige vertaling gerichte scan klein;Nederlandse vertaling van de rapportage;100;EUR;50;;Other;0;0;0;;1;50;;;0;0;Intertran;847b31c2-60fd-12f8-3302-4e6a176653bd;Volledige vertaling gerichte scan klein;40d251d1-51f2-259d-0f2a-4e6a1473fba6;1115
7559c2e8-83d7-4fbb-ed8e-50740c9564fc;Volledige vertaling TB1 zonder cardio;Nederlandse vertaling van de rapportage;150;EUR;80;;Other;0;0;0;;1;80;;;0;0;Intertran;847b31c2-60fd-12f8-3302-4e6a176653bd;Volledige vertaling TB1 zonder cardio;2d07e0e0-94dd-6103-d0ba-50740c8bf1fe;1116
5336fa90-ab0c-721c-09ca-50740d798a7e;Volledige vertaling TB2 zonder cardio;Nederlandse vertaling van de rapportage;165;EUR;90;;Other;0;0;0;;1;90;;;0;0;Intertran;847b31c2-60fd-12f8-3302-4e6a176653bd;Volledige vertaling TB2 zonder cardio;8dd40735-a40d-4b97-0caf-50740db3a108;1117
8ec20190-7933-c459-f07a-50740f4a185c;Volledige vertaling TB3 zonder cardio;Nederlandse vertaling van de rapportage;165;EUR;90;;Other;0;0;0;;1;90;;;0;0;Intertran;847b31c2-60fd-12f8-3302-4e6a176653bd;Volledige vertaling TB3 zonder cardio;610604fa-82fb-c409-fb85-50740eec80c7;1118
9a622198-7923-0f17-fc26-50740f8e7710;Volledige vertaling TB4 zonder cardio;Nederlandse vertaling van de rapportage;185;EUR;105;;Other;0;0;0;;1;105;;;0;0;Intertran;847b31c2-60fd-12f8-3302-4e6a176653bd;Volledige vertaling TB4 zonder cardio;2c0bfc65-c115-1e2e-33cd-50740f859746;1119
29ad9932-f939-9da0-eec3-5f0873aa9bbc;Volledige vertaling TB5;Nederlandse vertaling van de rapportage;210;EUR;95;0;Other;0;0;0;;1;95;;;0;0;Intertran;847b31c2-60fd-12f8-3302-4e6a176653bd;Volledige vertaling TB5;14db5268-93f7-0658-a0b9-5f0873105423;1124
a966fd77-5667-a485-0e20-67a1cb668c1d;Volledige vertaling Herniapoli;Nederlandse vertaling van de rapportage;150;EUR;80;0;Other;0;0;0;;1;80;;;0;0;Intertran;847b31c2-60fd-12f8-3302-4e6a176653bd;Volledige vertaling Herniapoli;8e5a0050-cf5f-55cd-aba9-67a1cbcaeb4a;1126
